<rss version="2.0">
	<channel>describes the feed
		<title>Feed the Chilla's!</title>
		<link>http://alyssanicoll.github.com/WDF/nicoll_alyssa_lab7/rss_link.html</link>
		<description>This Feed is all about fun, and possibly chinchillas.</description>
		
		<item>
			<title>Chilla's 101</title>
			<link>http://alyssanicoll.github.com/WDF/nicoll_alyssa_lab7/rss_link.html</link>
			<description>Today we met up with frank the Chinchalla, and found out his favorite things to do.</description>
		</item>

		<item>
			<title>Chilla's 101</title>
			<link>http://alyssanicoll.github.com/WDF/nicoll_alyssa_lab7/rss_link.html</link>
			<description>Today we met up with frank the Chinchalla, and found out his favorite things to do.</description>
		</item>

		<item>
			<title>Chilla's 101</title>
			<link>http://alyssanicoll.github.com/WDF/nicoll_alyssa_lab7/rss_link.html</link>
			<description>Today we met up with frank the Chinchalla, and found out his favorite things to do.</description>
		</item>

		<item>
			<title>Chilla's 101</title>
			<link>http://alyssanicoll.github.com/WDF/nicoll_alyssa_lab7/rss_link.html</link>
			<description>Today we met up with frank the Chinchalla, and found out his favorite things to do.</description>
		</item>
	</channel>
</rss>